{"cameraMode":{"drawMode":0,"name":"Shaded","section":"Shading Mode"},"sceneLighting":false,"audioPlay":false,"sceneViewState":{"m_AlwaysRefresh":false,"showFog":true,"showSkybox":false,"showFlares":true,"showImageEffects":true,"showParticleSystems":true,"showVisualEffectGraphs":true,"m_FxEnabled":true},"in2DMode":false,"pivot":{"x":-0.002167224884033203,"y":1.5392110347747803,"z":-0.010817766189575196},"rotation":{"x":0.06068291515111923,"y":0.07628469914197922,"z":-0.004662815481424332,"w":0.9952495694160461},"size":4.423845291137695,"orthographic":false}