{"cameraMode":{"drawMode":0,"name":"Shaded","section":"Shading Mode"},"sceneLighting":false,"audioPlay":false,"sceneViewState":{"m_AlwaysRefresh":false,"showFog":true,"showSkybox":false,"showFlares":true,"showImageEffects":true,"showParticleSystems":true,"showVisualEffectGraphs":true,"m_FxEnabled":true},"in2DMode":false,"pivot":{"x":14.470398902893067,"y":50.76288986206055,"z":0.06381213665008545},"rotation":{"x":0.06068291515111923,"y":0.07628469914197922,"z":-0.004662815481424332,"w":0.9952495694160461},"size":3.155660629272461,"orthographic":false}