{"cameraMode":{"drawMode":0,"name":"Shaded","section":"Shading Mode"},"sceneLighting":false,"audioPlay":false,"sceneViewState":{"m_AlwaysRefresh":false,"showFog":true,"showSkybox":false,"showFlares":true,"showImageEffects":true,"showParticleSystems":true,"showVisualEffectGraphs":true,"m_FxEnabled":true},"in2DMode":false,"pivot":{"x":0.05523810163140297,"y":0.9622510075569153,"z":-0.007593588437885046},"rotation":{"x":0.11339609324932099,"y":0.4487683176994324,"z":-0.057530056685209277,"w":0.884555995464325},"size":1.7007687091827393,"orthographic":false}