{"cameraMode":{"drawMode":0,"name":"Shaded","section":"Shading Mode"},"sceneLighting":false,"audioPlay":false,"sceneViewState":{"m_AlwaysRefresh":false,"showFog":true,"showSkybox":false,"showFlares":true,"showImageEffects":true,"showParticleSystems":true,"showVisualEffectGraphs":true,"m_FxEnabled":true},"in2DMode":false,"pivot":{"x":-1.7881393432617188e-7,"y":3.097778797149658,"z":7.152557373046875e-7},"rotation":{"x":0.06068291515111923,"y":0.07628469914197922,"z":-0.004662815481424332,"w":0.9952495694160461},"size":3.412569284439087,"orthographic":false}