{"cameraMode":{"drawMode":0,"name":"Shaded","section":"Shading Mode"},"sceneLighting":true,"audioPlay":false,"sceneViewState":{"m_AlwaysRefresh":false,"showFog":true,"showSkybox":true,"showFlares":true,"showImageEffects":true,"showParticleSystems":true,"showVisualEffectGraphs":true,"m_FxEnabled":true},"in2DMode":false,"pivot":{"x":-1.5593171119689942,"y":-4.357878684997559,"z":-6.684648513793945},"rotation":{"x":0.09797701984643936,"y":-0.07308132946491242,"z":0.007205038331449032,"w":0.9924989938735962},"size":21.40267562866211,"orthographic":false}