{"cameraMode":{"drawMode":0,"name":"Shaded","section":"Shading Mode"},"sceneLighting":true,"audioPlay":false,"sceneViewState":{"m_AlwaysRefresh":false,"showFog":true,"showSkybox":true,"showFlares":true,"showImageEffects":true,"showParticleSystems":true,"showVisualEffectGraphs":true,"m_FxEnabled":true},"in2DMode":false,"pivot":{"x":-14.681832313537598,"y":-23.26896858215332,"z":14.094385147094727},"rotation":{"x":0.3480604887008667,"y":-0.0025186112616211178,"z":0.0009292152244597673,"w":0.9374774694442749},"size":48.746559143066409,"orthographic":false}