{"cameraMode":{"drawMode":0,"name":"Shaded","section":"Shading Mode"},"sceneLighting":true,"audioPlay":false,"sceneViewState":{"m_AlwaysRefresh":false,"showFog":true,"showSkybox":true,"showFlares":true,"showImageEffects":true,"showParticleSystems":true,"showVisualEffectGraphs":true,"m_FxEnabled":true},"in2DMode":false,"pivot":{"x":-9.895230293273926,"y":-1.9746971130371094,"z":-3.7166481018066408},"rotation":{"x":-0.363768070936203,"y":0.0005557010299526155,"z":-0.0002173059619963169,"w":-0.9314906001091003},"size":24.88323402404785,"orthographic":false}