{"cameraMode":{"drawMode":0,"name":"Shaded","section":"Shading Mode"},"sceneLighting":true,"audioPlay":false,"sceneViewState":{"m_AlwaysRefresh":false,"showFog":true,"showSkybox":true,"showFlares":true,"showImageEffects":true,"showParticleSystems":true,"showVisualEffectGraphs":true,"m_FxEnabled":true},"in2DMode":false,"pivot":{"x":15.469273567199707,"y":0.9293532371520996,"z":-2.2969603538513185},"rotation":{"x":0.5502001047134399,"y":0.0250429455190897,"z":-0.016510291025042535,"w":0.8344987630844116},"size":11.867327690124512,"orthographic":false}